<?xml version="1.0" encoding="UTF-8"?>
<metadata xml:lang="en"><Esri><CreaDate>20120409</CreaDate><CreaTime>15384600</CreaTime><ArcGISFormat>1.0</ArcGISFormat><SyncOnce>TRUE</SyncOnce><DataProperties><lineage><Process ToolSource="C:\Program Files\ArcGIS\Desktop10.0\ArcToolbox\Toolboxes\Data Management Tools.tbx\DeleteField" Date="20120406" Time="104214">DeleteField AgDataJoin_Apr5 OID_;ITEM;DATA;DATAF;Farms_numb;avg_acre;production;LAG_PREDIC;LAG_RESIDU;LAG_PRDERR;STCOFIPS;NAME_1;TotalPop;Males;Females;PopinHH;HH_Child;AvgHHSize;HH_Occ;HH_Vac;Own_Occ;Rent_Occ</Process></lineage></DataProperties></Esri></metadata>
